skillKey,skillName,conceptId,conceptName,factId,factStatement,familyId,familyName,measurementObjective,allowedDifficultyMin,allowedDifficultyMax,cognitiveLevel,questionType,distractorStrategy,reassessmentGroup,notes
COMPUTER_ARCHITECTURE,Computer Architecture Basics,CA_C01_PROCESSOR,The processor and its parts,CA_F01_CPU_ROLE,The CPU executes program instructions; it does not store programs or files permanently.,CA_FAM01_CPU_ROLE_SELECT,CPU role identification,"Given a described job inside a computer, decide whether it is the CPU that does it.",D1,D2,REMEMBER,mcq_single,"The two commonest first-year conflations: that the CPU is where files live (CPU/storage), and that the CPU is a program rather than hardware (CPU/OS). Also offer ""makes the screen display images"" for students who equate the CPU with everything the machine does.",CA_RG_COMPONENT_ROLES,The anchor fact for the whole concept. Keep the phrasing plain: this is the one item a student with no background should still be able to attempt.
COMPUTER_ARCHITECTURE,Computer Architecture Basics,CA_C01_PROCESSOR,The processor and its parts,CA_F02_ALU_ARITHMETIC_LOGIC,The ALU carries out arithmetic and logical (comparison) operations.,CA_FAM02_OPERATION_ROUTING,Routing an operation to the unit that performs it,"Given a concrete operation — adding two numbers, comparing two values — name the unit that performs it.",D2,D3,APPLY,mcq_single,"Route the operation to the control unit (the student who thinks ""control"" means ""does the work""), to RAM (confusing where a value is held with where it is operated on), and to the OS (confusing software instruction with hardware execution). Comparison operations are the most productive stem: many students believe only arithmetic reaches the ALU.",CA_RG_COMPONENT_ROLES,Comparison-as-logic is the part most often missed; at least one variant should use a comparison rather than a sum.
COMPUTER_ARCHITECTURE,Computer Architecture Basics,CA_C01_PROCESSOR,The processor and its parts,CA_F03_CONTROL_UNIT_DECODES,The control unit decodes each instruction and directs the other components; it does not compute results itself.,CA_FAM03_CONTROL_VS_COMPUTE,Separating direction from computation,Distinguish the component that decides what happens next from the component that produces the value.,D2,D3,UNDERSTAND,mcq_single,Attribute calculation to the control unit; attribute decoding to the ALU; claim the control unit holds the program. All three follow from reading the names rather than the behaviour.,CA_RG_COMPONENT_ROLES,Pairs with CA_FAM02 — do not serve both in one paper. Same reassessment group for that reason.
COMPUTER_ARCHITECTURE,Computer Architecture Basics,CA_C01_PROCESSOR,The processor and its parts,CA_F04_REGISTERS_WORKING_VALUES,Registers hold the few values the CPU is working on at this instant; they are the smallest and fastest storage in the machine.,CA_FAM04_REGISTER_PLACEMENT,Placing registers in the storage picture,Identify what registers hold and how they differ in size and speed from RAM.,D2,D3,UNDERSTAND,mcq_single,"Registers as ""a fast part of RAM""; registers as surviving power loss; registers as larger than cache. Each is a coherent guess from someone who has only heard the word.",CA_RG_MEMORY_HIERARCHY,
COMPUTER_ARCHITECTURE,Computer Architecture Basics,CA_C02_MEMORY_STORAGE,Memory and storage,CA_F05_RAM_VOLATILE_WORKING,RAM holds the programs and data currently in use and loses its contents when power is removed.,CA_FAM05_RAM_PURPOSE,What RAM is for,Decide what is kept in RAM and what happens to it when the machine is switched off.,D1,D2,REMEMBER,mcq_single,"""RAM keeps files permanently"" — the single most common first-year error, and the one that makes the whole hierarchy incoherent. Also ""RAM is where the operating system is installed"" and ""adding RAM makes the processor faster"", both of which sound reasonable and are widely repeated.",CA_RG_STORAGE_CHOICE,"Volatility is the load-bearing half of this fact. A variant that only asks ""what is RAM for"" without touching persistence measures less."
COMPUTER_ARCHITECTURE,Computer Architecture Basics,CA_C02_MEMORY_STORAGE,Memory and storage,CA_F06_SECONDARY_STORAGE_PERSISTS,"Secondary storage (disk, SSD) keeps data without power and is slower than RAM.",CA_FAM06_STORAGE_SELECTION,Choosing memory or storage for a stated need,"Given a requirement — survive a restart, be read as fast as possible — choose the appropriate place to keep the data.",D2,D3,APPLY,mcq_single,"Choose storage where speed was the requirement, and RAM where persistence was; also offer ""the CPU runs the program directly from disk"", which is the belief that removes the reason RAM exists.",CA_RG_STORAGE_CHOICE,"The requirement must genuinely decide the answer. A scenario whose details do not change the choice is a wording variant, not a measurement."
COMPUTER_ARCHITECTURE,Computer Architecture Basics,CA_C02_MEMORY_STORAGE,Memory and storage,CA_F07_HIERARCHY_SPEED_CAPACITY_TRADE,"From registers to cache to RAM to disk, capacity increases and speed decreases.",CA_FAM07_HIERARCHY_ORDERING,Ordering the hierarchy by speed and capacity,"Order or compare storage layers on both axes, and recognise that the two run in opposite directions.",D2,D4,ANALYZE,mcq_single,"Invert one axis while keeping the other (fastest also biggest) — the error that shows the trade-off has not landed. Also place cache above RAM in capacity, and treat the ordering as being about cost only.",CA_RG_MEMORY_HIERARCHY,"Spans to D4 because comparing two layers on two axes at once is genuinely multi-step, not because the words can be made longer."
COMPUTER_ARCHITECTURE,Computer Architecture Basics,CA_C03_IO_AND_BUSES,"Getting data in, out and across",CA_F08_IO_DIRECTION,"Input devices bring data into the machine, output devices send it out, and some devices do both.",CA_FAM08_IO_CLASSIFICATION,Classifying a device by direction of data flow,"Classify named devices as input, output, or both, from what the data does rather than from the device category.",D1,D2,UNDERSTAND,mcq_single,"Force the both-directions cases: a touchscreen classified as output only (because it is a screen), a printer that scans classified as output only, storage classified as neither. The single-direction cases are too easy to carry the item alone.",CA_RG_IO_AND_COMMS,"A dual-direction device should appear in every variant, or the family collapses to naming."
COMPUTER_ARCHITECTURE,Computer Architecture Basics,CA_C03_IO_AND_BUSES,"Getting data in, out and across",CA_F09_BUSES_CARRY_SIGNALS,"Buses carry data, addresses and control signals between components; components do not each wire directly to every other.",CA_FAM09_COMPONENT_COMMUNICATION,How components reach each other,"Explain what travels between the CPU and memory, and by what shared route.",D2,D3,UNDERSTAND,mcq_single,"A bus that stores data rather than carrying it; components connected point to point; only data travelling, with addresses and control signals forgotten. The last is the most instructive — it is the half-formed model.",CA_RG_IO_AND_COMMS,
COMPUTER_ARCHITECTURE,Computer Architecture Basics,CA_C04_INSTRUCTION_CYCLE,The instruction cycle,CA_F10_FETCH_DECODE_EXECUTE_ORDER,"Each instruction is fetched, then decoded, then executed, and the cycle repeats for the next instruction.",CA_FAM10_CYCLE_ORDERING,Ordering the stages of the instruction cycle,"Put the stages in order, or identify which stage a described action belongs to.",D2,D3,APPLY,mcq_single,"Decode before fetch (the student who thinks the CPU must understand an instruction before collecting it), execute before decode, and one cycle covering the whole program rather than a single instruction. The last exposes whether the repetition is understood.",CA_RG_INSTRUCTION_CYCLE,Order-only variants sit at D2; identifying the stage from a described action sits at D3.
COMPUTER_ARCHITECTURE,Computer Architecture Basics,CA_C04_INSTRUCTION_CYCLE,The instruction cycle,CA_F11_CYCLE_DATA_MOVEMENT,"During execution, values move from memory into registers, through the ALU, and back into registers before any result returns to memory.",CA_FAM11_DATA_FLOW_TRACE,Tracing a value through one instruction,"Follow a single value through the components involved in executing one instruction, and say where it is at a given point.",D3,D4,ANALYZE,mcq_single,"The ALU reading straight from disk; a result written directly to secondary storage; the value never entering a register at all. Each removes one step, which is exactly the gap being probed.",CA_RG_INSTRUCTION_CYCLE,Depends on CA_F04 and CA_F10. Do not schedule this before registers and the cycle have been measured.
COMPUTER_ARCHITECTURE,Computer Architecture Basics,CA_C05_DATA_REPRESENTATION,How data is represented,CA_F12_EVERYTHING_IS_BINARY,"All data — text, images, sound — is stored as binary; what the bits mean depends on how they are interpreted.",CA_FAM12_REPRESENTATION_REASONING,Reasoning about binary representation,"Recognise that different data types share one underlying representation, and that interpretation supplies the meaning.",D2,D3,UNDERSTAND,mcq_single,"Text stored as letters and images stored as pictures — the belief that storage mirrors appearance. Also ""binary is only used for numbers"", and ""the same bits always mean the same thing"", which misses interpretation.",CA_RG_REPRESENTATION,"Conceptual only at Foundation. Base conversion is arithmetic and belongs with the aptitude skills, not here."
COMPUTER_ARCHITECTURE,Computer Architecture Basics,CA_C06_PERFORMANCE,Performance and bottlenecks,CA_F13_SLOWEST_RESOURCE_LIMITS,"The slowest resource on a path limits overall performance, so improving anything else changes nothing.",CA_FAM13_BOTTLENECK_DIAGNOSIS,Diagnosing which resource is the limit,"Given symptoms — heavy disk activity, idle processor — identify the limiting resource and the change that would help.",D3,D5,ANALYZE,mcq_single,"Blame the CPU whatever the symptoms (the default assumption), add RAM to a disk-bound task, upgrade a component the described work never touches. All three are the reasoning error, not carelessness.",CA_RG_PERFORMANCE,The symptoms must determine the answer. Any variant where a different limiting resource would give the same answer is not measuring diagnosis.
COMPUTER_ARCHITECTURE,Computer Architecture Basics,CA_C06_PERFORMANCE,Performance and bottlenecks,CA_F14_ARCHITECTURE_TRADEOFF,Hardware choices trade speed against capacity and cost; there is no option that is best on every axis.,CA_FAM14_TRADEOFF_DECISION,Choosing under a stated constraint,"Pick the defensible configuration for a stated priority, and say what it gives up.",D4,D5,EVALUATE,mcq_single,The fastest option regardless of the stated budget or capacity need; an option that ignores the constraint entirely; an option that claims to win on all three axes. The last tests whether the trade-off is believed at all.,CA_RG_PERFORMANCE,"The constraint must be explicit and must change the answer, otherwise this degrades into ""pick the biggest number""."
HOW_COMPUTERS_WORK,How Computers Work,HCW_C01_IPO,"Input, process, output",HCW_F01_IPO_MODEL,"Every computing task takes input, processes it, and produces output.",HCW_FAM01_IPO_LABELLING,Labelling the parts of a described task,"Given a described task, identify which part is the input, the processing and the output.",D1,D2,UNDERSTAND,mcq_single,"Swap input and output; label the processing step as input (the student who calls the whole activity ""input""); offer a part of the task that is neither. Use tasks where the output is not visible on a screen, since students otherwise equate output with display.",HCW_RG_SYSTEM_MODEL,The opening fact of the skill. Everything in HCW_C02 and HCW_C03 assumes it.
HOW_COMPUTERS_WORK,How Computers Work,HCW_C02_HARDWARE_SOFTWARE,Hardware and software,HCW_F02_HARDWARE_VS_SOFTWARE,Hardware is the physical machine; software is the instructions it carries out.,HCW_FAM02_HW_SW_CLASSIFICATION,Classifying a named thing as hardware or software,"Classify items — an operating system, a hard disk, a browser, a printer driver — on the physical/instruction distinction.",D1,D2,REMEMBER,mcq_single,"The genuinely confusing cases are the whole point: a driver (software that operates hardware), firmware, and the operating system itself, which many students place with hardware because it ""comes with the machine"". Obvious cases like a keyboard measure nothing.",HCW_RG_CLASSIFICATION,Every variant must include at least one boundary case.
HOW_COMPUTERS_WORK,How Computers Work,HCW_C02_HARDWARE_SOFTWARE,Hardware and software,HCW_F03_PROGRAM_IS_INSTRUCTIONS,A program is a stored set of instructions; the computer does nothing the instructions do not say.,HCW_FAM03_PROGRAM_NATURE,What a program is and is not,"Recognise that a program is instructions rather than an intelligent agent, and that unstated behaviour does not happen.",D2,D3,UNDERSTAND,mcq_single,"The computer ""works out what was meant""; the program adapts to a case nobody wrote; a program described as data rather than instructions. The first is the misconception that survives longest and causes the most debugging confusion later.",HCW_RG_CLASSIFICATION,Sets up the debugging mindset that PROBLEM_SOLVING and PSEUDOCODE_FLOWCHARTS both rely on.
HOW_COMPUTERS_WORK,How Computers Work,HCW_C03_PROGRAM_VS_PROCESS,A program and a running program,HCW_F04_PROGRAM_VS_PROCESS,A program is a file on storage; running it creates a process that occupies working memory.,HCW_FAM04_PROGRAM_PROCESS_DISTINCTION,Separating the stored program from the running one,"Say what exists before a program is launched, what exists while it runs, and what remains after it closes.",D2,D4,ANALYZE,mcq_single,The program is deleted when closed; running twice creates one thing; the process persists after exit. All three follow from having no separation between the file and the execution.,HCW_RG_EXECUTION_MODEL,Overlaps OS_F03 by design — that one measures it from the OS side. They share no reassessment group only because the framing genuinely differs; review together before publishing.
HOW_COMPUTERS_WORK,How Computers Work,HCW_C03_PROGRAM_VS_PROCESS,A program and a running program,HCW_F05_WORKING_MEMORY_ROLE,Working memory holds what a running program needs now; closing the program releases it.,HCW_FAM05_WORKING_MEMORY_EFFECT,What happens in memory as programs start and stop,Predict the effect on available memory of opening and closing programs.,D2,D3,APPLY,mcq_single,Memory is consumed permanently; closing a program frees disk rather than memory; memory use is fixed per machine regardless of what runs.,HCW_RG_EXECUTION_MODEL,
HOW_COMPUTERS_WORK,How Computers Work,HCW_C04_DATA_AND_FILES,"Data, files and persistence",HCW_F06_DIGITAL_REPRESENTATION,"Computers represent all information digitally, as numbers, whatever it looks like to a person.",HCW_FAM06_DIGITAL_REPRESENTATION_RECOGNITION,Recognising digital representation,"Identify that text, images and sound are all held as numbers rather than as their appearance.",D1,D2,REMEMBER,mcq_single,"Each type stored ""in its own way"" as its appearance; only numbers being digital; images stored as physical pictures.",HCW_RG_DATA_MODEL,"Deliberately lighter than CA_F12 — this is recognition, that one asks about interpretation. Keep them in different papers."
HOW_COMPUTERS_WORK,How Computers Work,HCW_C04_DATA_AND_FILES,"Data, files and persistence",HCW_F07_FILES_PERSIST,"A file is data kept on storage under a name, and it survives the program that made it and the machine being switched off.",HCW_FAM07_PERSISTENCE_REASONING,Reasoning about what survives a restart,Decide which of several described pieces of data still exists after the machine is switched off and on.,D2,D3,APPLY,mcq_single,Unsaved work surviving; a saved file lost on restart; open documents treated the same as saved ones. The unsaved-work case is worth using often — it is the misconception with real consequences.,HCW_RG_DATA_MODEL,
HOW_COMPUTERS_WORK,How Computers Work,HCW_C05_OS_AND_APPS,The operating system and applications,HCW_F08_OS_MEDIATES,The operating system sits between applications and hardware; applications ask it for what they need rather than driving hardware themselves.,HCW_FAM08_OS_ROLE_IN_STACK,Where the OS sits between an app and the hardware,"Trace a described request — saving a file, printing — through application, operating system and hardware in the right order.",D2,D4,ANALYZE,mcq_single,The application writing to the disk itself; the hardware calling the application; the OS omitted from the path entirely. Omission is the most common and the most revealing.,HCW_RG_SYSTEM_DATA_FLOW,"Deliberately distinct from OS_FAM01, which measures OS responsibilities rather than position in the stack."
HOW_COMPUTERS_WORK,How Computers Work,HCW_C05_OS_AND_APPS,The operating system and applications,HCW_F09_APPLICATION_PURPOSE,An application does a particular job for a person; the operating system runs the machine for every application.,HCW_FAM09_APP_VS_OS_SELECTION,Deciding whether a job belongs to an app or the OS,"Given a described responsibility, decide whether an application or the operating system owns it.",D2,D3,UNDERSTAND,mcq_single,Assign memory allocation or device access to an application; assign document editing to the OS; treat a bundled utility as part of the kernel because it ships with the system.,HCW_RG_SYSTEM_SELECTION,
HOW_COMPUTERS_WORK,How Computers Work,HCW_C06_BOOT,Starting the machine,HCW_F10_BOOT_SEQUENCE,"Powering on runs firmware checks, then loads the operating system, and only then can applications start.",HCW_FAM10_BOOT_ORDERING,Ordering what happens at startup,Put the startup stages in order and identify what cannot yet have happened at a given point.,D2,D3,APPLY,mcq_single,"Applications starting before the OS; the OS running before any hardware check; the desktop appearing first with the OS loading afterwards. The last matches what a user sees, which is why it is believed.",HCW_RG_ORDERING,High level only. Bootloader specifics are out of scope at Foundation.
HOW_COMPUTERS_WORK,How Computers Work,HCW_C07_NETWORKS,Networks and the internet,HCW_F11_NETWORK_IS_CONNECTED_MACHINES,A network is machines connected so they can exchange data; the internet is a very large network of networks.,HCW_FAM11_NETWORK_SCOPE,"Distinguishing a network, the internet and the web","Separate the three, and identify which is a service running on which.",D2,D3,UNDERSTAND,mcq_single,"The internet and the web as the same thing — near universal, and worth measuring directly. Also the browser as the internet, and email as part of the web.",HCW_RG_NETWORK_MODEL,"Overlaps COMPUTER_NETWORKS, which goes deeper. Here it is only the distinction."
HOW_COMPUTERS_WORK,How Computers Work,HCW_C07_NETWORKS,Networks and the internet,HCW_F12_CLIENT_SERVER,"A client asks for something and a server answers; a single machine can be either, depending on the exchange.",HCW_FAM12_CLIENT_SERVER_ROLES,Assigning client and server roles in an exchange,"In a described interaction, say which side is the client and which the server, and why.",D2,D4,ANALYZE,mcq_single,"The server as always the bigger or more distant machine; the roles as fixed properties of hardware; the client as whoever owns the data. Use a case where one machine is both, which the fixed-property model cannot handle.",HCW_RG_NETWORK_MODEL,
HOW_COMPUTERS_WORK,How Computers Work,HCW_C08_ABSTRACTION,Abstraction,HCW_F13_ABSTRACTION_HIDES_DETAIL,"Each layer hides the detail of the layer below, which is why a program can save a file without knowing what kind of disk it is.",HCW_FAM13_ABSTRACTION_RECOGNITION,Recognising what a layer hides,"Identify what detail is deliberately hidden in a described interaction, and what would change if it were not.",D3,D5,EVALUATE,mcq_single,Abstraction as simplification for beginners rather than as a working mechanism; the claim that lower detail is inaccessible rather than hidden; the claim that hiding detail loses capability.,HCW_RG_ABSTRACTION,"The most demanding fact in the skill. Expect low scores initially; that is information, not a fault."
HOW_COMPUTERS_WORK,How Computers Work,HCW_C09_DIAGNOSIS,Diagnosing an incorrect mental model,HCW_F14_INCORRECT_MODEL_DIAGNOSIS,A stated belief about how a computer works can be judged against the input-process-output and hardware/software/OS model.,HCW_FAM14_MODEL_DIAGNOSIS,Finding the wrong step in someone's explanation,Read a short explanation of how something works and identify the one step that is wrong.,D3,D5,ANALYZE,mcq_single,"Options must point at steps that ARE correct, so the student has to locate the error rather than spot an absurdity. Exactly one step is wrong, and it is wrong for a reason a student would recognise.",HCW_RG_DIAGNOSIS,This family does the most work in the whole skill and is the hardest to author. Every option must be defensible except one.
OPERATING_SYSTEMS,Operating Systems,OS_C01_PURPOSE,What an operating system is for,OS_F01_OS_MANAGES_RESOURCES,"The operating system manages the machine's resources — processor time, memory, storage, devices — on behalf of every program.",OS_FAM01_RESPONSIBILITY_IDENTIFICATION,Identifying an OS responsibility,"Given a described job, decide whether the operating system is responsible for it.",D1,D2,REMEMBER,mcq_single,"Jobs owned by an application (spell-checking, editing an image), by hardware (performing arithmetic), or by the user. The application cases are the productive ones — students attribute anything system-looking to the OS.",OS_RG_RESPONSIBILITIES,
OPERATING_SYSTEMS,Operating Systems,OS_C01_PURPOSE,What an operating system is for,OS_F02_SHARED_ACCESS_ARBITRATION,"When two programs want the same resource, the operating system decides who gets it and when.",OS_FAM02_RESOURCE_ALLOCATION,Reasoning about contended resources,Predict what happens when two programs need the same resource at once.,D2,D4,ANALYZE,mcq_single,Both programs proceeding simultaneously with no cost; the second program failing outright; the programs negotiating between themselves. Each is a plausible model for someone who has not met arbitration.,OS_RG_RESOURCES,
OPERATING_SYSTEMS,Operating Systems,OS_C02_PROCESSES,Programs and processes,OS_F03_PROCESS_IS_RUNNING_PROGRAM,"A process is a program in execution, with its own memory; the same program can run as several independent processes.",OS_FAM03_PROCESS_COMPARISON,Comparing a program with its processes,Say how many processes exist in a described situation and what each has of its own.,D2,D4,ANALYZE,mcq_single,One program meaning one process however many windows are open; processes sharing all memory; a second copy being refused. Opening the same editor twice is the clearest stem.,OS_RG_PROCESS_MODEL,"Related to HCW_F04 but measured differently — that asks what exists, this asks how many and with what of their own."
OPERATING_SYSTEMS,Operating Systems,OS_C02_PROCESSES,Programs and processes,OS_F04_MULTITASKING_IS_INTERLEAVING,On a single core the OS interleaves processes quickly rather than running them at the same instant.,OS_FAM04_MULTITASKING_MECHANISM,How several programs appear to run at once,"Explain how multitasking appears simultaneous, and what limits it.",D2,D4,UNDERSTAND,mcq_single,True simultaneity on one core; each program getting its own processor; the OS pausing everything else until a program finishes. The first is the belief that makes scheduling meaningless.,OS_RG_PROCESS_MODEL,
OPERATING_SYSTEMS,Operating Systems,OS_C03_SCHEDULING,Scheduling,OS_F05_SCHEDULER_ALLOCATES_TIME,The scheduler decides which ready process runs next and for how long.,OS_FAM05_SCHEDULING_REASONING,Predicting what runs next,"Given several processes in described states, decide which can run next and why the others cannot.",D3,D5,APPLY,mcq_single,Choosing a process that is waiting on input (ready and waiting conflated); strict first-come order regardless of state; the program in the front window. Include a blocked process in every variant.,OS_RG_SCHEDULING,"Named algorithms are out of scope. The measurement is readiness reasoning, not round-robin arithmetic."
OPERATING_SYSTEMS,Operating Systems,OS_C04_MEMORY,Memory management,OS_F06_OS_ALLOCATES_MEMORY,"The OS gives each process memory, keeps processes out of each other's memory, and reclaims it when they end.",OS_FAM06_MEMORY_ISOLATION,Reasoning about memory given to a process,"Decide what a process can and cannot reach in memory, and what becomes of that memory when it exits.",D2,D4,UNDERSTAND,mcq_single,One process reading another's memory freely; memory never reclaimed; each process seeing all physical memory. The first is worth measuring because it is what students assume before isolation is taught.,OS_RG_RESOURCES,
OPERATING_SYSTEMS,Operating Systems,OS_C05_FILESYSTEM,Files and the filesystem,OS_F07_FILESYSTEM_ORGANISES,"The filesystem organises storage into named files and directories, and the OS translates a path into a location on the device.",OS_FAM07_PATH_REASONING,Reasoning about paths and locations,"Work out what a described path refers to, or which of several paths reaches a given file.",D2,D4,APPLY,mcq_single,Absolute and relative confused; two files with the same name in different directories treated as one; the belief that moving a file changes its contents. Include one same-name pair in different directories.,OS_RG_FILESYSTEM,
OPERATING_SYSTEMS,Operating Systems,OS_C06_PERMISSIONS,Permissions,OS_F08_PERMISSIONS_GATE_ACCESS,"Permissions decide which users may read, change or run a file, and the OS refuses actions they do not allow.",OS_FAM08_PERMISSION_DIAGNOSIS,Diagnosing a refused action,"Given a permission setting and an attempted action, say whether it succeeds and which permission decided it.",D3,D5,ANALYZE,mcq_single,Read confused with execute; a permission on the file confused with one on its directory; ownership assumed to override everything. The directory case is the one that catches real confusion.,OS_RG_PERMISSIONS,Conceptual. Numeric modes are a tooling detail and do not belong at Foundation.
OPERATING_SYSTEMS,Operating Systems,OS_C07_DEVICES,Devices,OS_F09_DRIVERS_MEDIATE_DEVICES,"The OS talks to a device through its driver, so applications need not know the make or model.",OS_FAM09_DEVICE_INTERACTION,Tracing an application's use of a device,"Order the parts involved when an application uses a device, and identify which part knows the device specifics.",D2,D4,ANALYZE,mcq_single,The application addressing the hardware directly; the driver as part of the application; the device needing no software at all. Ties back to HCW_F13 on abstraction.,OS_RG_DEVICES,
OPERATING_SYSTEMS,Operating Systems,OS_C08_PRIVILEGE,User and kernel privilege,OS_F10_PRIVILEGE_SEPARATION,Ordinary programs run with limited privilege and must ask the kernel for anything that touches the machine directly.,OS_FAM10_PRIVILEGE_BOUNDARY,Deciding what needs kernel privilege,"Given an action, decide whether a normal program may do it itself or must ask the kernel.",D3,D5,UNDERSTAND,mcq_single,Any program being able to access hardware; privilege as a matter of the logged-in user only; the belief that an administrator account removes the boundary. The last conflates user rights with the privilege boundary.,OS_RG_PERMISSIONS,"Grouped with permissions for reassessment: both measure ""who is allowed"", and serving them together would double-count."
OPERATING_SYSTEMS,Operating Systems,OS_C09_STARTUP,Startup,OS_F11_OS_LOADS_BEFORE_APPS,"The OS must be running before any application can start, because applications depend on it for everything.",OS_FAM11_STARTUP_DEPENDENCY,Reasoning about startup dependencies,Identify what must already be running before a described thing can start.,D2,D3,APPLY,mcq_single,An application starting first; the OS loading on demand when needed; a driver loading after the application that uses it.,OS_RG_STARTUP,"Distinct from HCW_FAM10, which orders the whole boot. This one is dependency reasoning."
OPERATING_SYSTEMS,Operating Systems,OS_C10_EXHAUSTION,When resources run out,OS_F12_RESOURCE_EXHAUSTION_SYMPTOMS,"Running out of memory, disk or processor time produces different symptoms and needs different remedies.",OS_FAM12_EXHAUSTION_DIAGNOSIS,Diagnosing which resource has run out,Read described symptoms and identify which resource is exhausted and what would relieve it.,D3,D5,ANALYZE,mcq_single,"Attribute every slowdown to memory; free disk space to fix a memory problem; close programs to fix a full disk. Symptoms must distinguish the resources, or the item is unanswerable by reasoning.",OS_RG_DIAGNOSIS,"Overlaps CA_FAM13, which diagnoses a hardware bottleneck. Same shape, different subject; review together and consider one shared reassessment group."
OPERATING_SYSTEMS,Operating Systems,OS_C11_INTERFACES,Command line and graphical interfaces,OS_F13_CLI_GUI_SAME_SERVICES,A command line and a graphical interface are two ways of asking the same operating system to do the same things.,OS_FAM13_INTERFACE_EQUIVALENCE,Recognising interfaces as equivalent routes,"Decide whether a described task can be done from either interface, and what actually differs between them.",D2,D3,UNDERSTAND,mcq_single,The command line as more powerful in kind rather than in convenience; the GUI as a different operating system; certain operations as impossible graphically by nature. Avoid making this a preference question.,OS_RG_INTERFACES,
PROBLEM_SOLVING,Problem Solving,PS_C01_INTERPRETATION,Reading the problem,PS_F01_REQUIREMENT_EXTRACTION,"A problem statement contains the requirement that must be satisfied, alongside detail that does not affect it.",PS_FAM01_REQUIREMENT_EXTRACTION,Extracting the actual requirement,Read a short computing problem and state what must be true of a correct solution.,D2,D3,UNDERSTAND,mcq_single,A restatement of the scenario rather than the requirement; a requirement the statement never made; a solution method offered in place of the requirement. The last is the commonest — students jump to how before what.,PS_RG_INTERPRETATION,"Statements must be computing problems, not riddles. Irrelevant detail is legitimate here — noticing it is the skill — but it must not be arbitrary numbers with no bearing on anything."
PROBLEM_SOLVING,Problem Solving,PS_C01_INTERPRETATION,Reading the problem,PS_F02_INPUT_IDENTIFICATION,"The inputs are the values a solution is given, distinct from values it computes for itself.",PS_FAM02_INPUT_IDENTIFICATION,Identifying what the solution is given,Separate the given inputs from intermediate and derived values.,D1,D3,UNDERSTAND,mcq_single,"Offer a derived value as an input (a total that must be computed), a constant as an input, and the output as an input. The derived-value case is the real measurement.",PS_RG_IO_ANALYSIS,
PROBLEM_SOLVING,Problem Solving,PS_C01_INTERPRETATION,Reading the problem,PS_F03_OUTPUT_IDENTIFICATION,"The output is what the solution must produce, in the form the problem asks for.",PS_FAM03_OUTPUT_IDENTIFICATION,Identifying what must be produced,"State what a correct solution returns, including its form — a count, a list, a yes or no.",D1,D3,UNDERSTAND,mcq_single,The right information in the wrong form (a list where a count was asked for); an intermediate value; more than was asked. Form confusion is worth measuring — it is a real source of wrong answers later.,PS_RG_IO_ANALYSIS,
PROBLEM_SOLVING,Problem Solving,PS_C02_CONSTRAINTS,Constraints and assumptions,PS_F04_CONSTRAINT_EFFECT,A constraint rules some solutions out; a solution that ignores it is wrong however well it works otherwise.,PS_FAM04_CONSTRAINT_REASONING,Reasoning about what a constraint forbids,Decide which of several approaches a stated constraint eliminates.,D3,D4,ANALYZE,mcq_single,An approach that satisfies the constraint but not the requirement; one that satisfies the requirement while breaking the constraint; one eliminated by a constraint the problem never stated.,PS_RG_CONSTRAINTS,The constraint must genuinely eliminate at least one otherwise-reasonable option.
PROBLEM_SOLVING,Problem Solving,PS_C02_CONSTRAINTS,Constraints and assumptions,PS_F05_UNSTATED_ASSUMPTION,"A solution can rest on an assumption the problem never granted, and it fails when that assumption does not hold.",PS_FAM05_ASSUMPTION_CHECKING,Finding the assumption a solution relies on,Identify what a described approach quietly assumes about its input.,D3,D5,ANALYZE,mcq_single,An assumption the problem DID state; a true fact that the solution does not rely on; a restatement of the requirement. Distinguishing a relied-upon assumption from a merely true statement is the measurement.,PS_RG_CONSTRAINTS,Input ordering and non-empty input are the two most productive assumptions to probe.
PROBLEM_SOLVING,Problem Solving,PS_C03_DECOMPOSITION,Breaking a problem down,PS_F06_DECOMPOSITION_INTO_STEPS,A problem can be split into smaller parts that can each be solved and then combined.,PS_FAM06_DECOMPOSITION,Choosing a useful decomposition,Choose the breakdown whose parts are independently solvable and together cover the problem.,D3,D4,APPLY,mcq_single,A breakdown missing a part (does not cover the problem); one whose parts depend circularly on each other; one that restates the problem as a single step. Coverage and independence are the two things being tested.,PS_RG_PLANNING,
PROBLEM_SOLVING,Problem Solving,PS_C04_EXAMPLES,Working with examples,PS_F07_EXAMPLE_EVALUATION,An example can be checked against a requirement to see whether it is consistent with it.,PS_FAM07_EXAMPLE_EVALUATION,Judging whether an example fits the requirement,Decide which of several input-and-output pairs a stated requirement actually permits.,D2,D4,APPLY,mcq_single,A pair that is right for a nearby requirement; one right in value but wrong in form; one that holds for typical input but not as stated. No absurd pairs — every option must require checking.,PS_RG_EXAMPLES,
PROBLEM_SOLVING,Problem Solving,PS_C04_EXAMPLES,Working with examples,PS_F08_COUNTEREXAMPLE_DISPROVES,One input on which a rule fails disproves the rule; any number of inputs on which it works does not prove it.,PS_FAM08_COUNTEREXAMPLE_SELECTION,Choosing an input that breaks a claim,"Given a claimed rule, select the input that shows it wrong.",D3,D5,ANALYZE,mcq_single,"Inputs on which the rule holds; an input that breaks a different rule; an input the problem excludes. The asymmetry between proving and disproving is the fact being measured, so several options should be perfectly valid inputs on which the rule works.",PS_RG_EXAMPLES,"One of the highest-value families in Foundation: it underpins testing, debugging and edge cases alike."
PROBLEM_SOLVING,Problem Solving,PS_C05_PATTERNS,Finding the pattern,PS_F09_PATTERN_DISCOVERY,A rule can be inferred from worked examples and then stated so it applies beyond them.,PS_FAM09_PATTERN_INFERENCE,Inferring the rule behind the examples,Read several input-output pairs and state the rule that produced them.,D3,D4,ANALYZE,mcq_single,"A rule that fits some pairs but not all — the important distractor, because it is what a student who stopped checking early would choose. Also a rule that fits every pair but is more specific than the data supports.",PS_RG_PATTERNS,"Computing-flavoured: rules over lists, strings or counts. Not number-sequence puzzles, which belong to the aptitude skills."
PROBLEM_SOLVING,Problem Solving,PS_C06_ALGORITHM_PLANNING,Planning a solution,PS_F10_ALGORITHM_SELECTION,"Different approaches solve the same problem, and the problem's shape decides which is appropriate.",PS_FAM10_ALGORITHM_SELECTION,Choosing an approach that fits the problem,Select the approach that satisfies the requirement given the stated shape of the input.,D3,D5,EVALUATE,mcq_single,An approach that works only on sorted input where none is promised; one that solves a related but different problem; one correct but disallowed by a stated constraint.,PS_RG_PLANNING,
PROBLEM_SOLVING,Problem Solving,PS_C07_STATE_TRACKING,Tracking state,PS_F11_STATE_THROUGH_STEPS,"Values change as a procedure runs, and the result depends on their values at each step.",PS_FAM11_STATE_TRACING,Tracing values through a described procedure,Follow a short described procedure over given input and state the value held at a named point.,D2,D4,APPLY,mcq_single,"The value one step early or late (off-by-one in the trace); the final value where an intermediate was asked; a value from the wrong variable. Language-independent — the procedure is described, not coded.",PS_RG_TRACING,"Overlaps PF_FAM04 which traces pseudocode. Keep separate: this is prose, that is notation. Same reassessment consideration."
PROBLEM_SOLVING,Problem Solving,PS_C08_EDGE_CASES,Edge cases,PS_F12_EDGE_CASE_DISCOVERY,"The inputs that break a solution are usually the empty, single, duplicate, boundary or extreme cases.",PS_FAM12_EDGE_CASE_DISCOVERY,Finding the input a solution has not considered,"Given a described approach, identify the input most likely to break it.",D3,D5,ANALYZE,mcq_single,Typical inputs it handles perfectly well; a large input where size is not the issue; an invalid input the problem excludes. The distractors must be inputs a careless reader would call risky.,PS_RG_ROBUSTNESS,
PROBLEM_SOLVING,Problem Solving,PS_C09_CORRECTNESS,Correctness and bugs,PS_F13_BUG_DIAGNOSIS_FROM_BEHAVIOUR,The difference between expected and actual behaviour points to which step is wrong.,PS_FAM13_BUG_DIAGNOSIS,Locating the faulty step from the symptom,"Given a procedure and a wrong result, identify the step responsible.",D3,D5,ANALYZE,mcq_single,Steps that are correct as written; a step that would cause a different symptom; the input blamed rather than the procedure. Exactly one step must explain the observed symptom specifically.,PS_RG_DIAGNOSIS,"The symptom must discriminate. If two steps could produce it, the item has two defensible answers."
PROBLEM_SOLVING,Problem Solving,PS_C10_COMPARISON,Comparing solutions,PS_F14_SOLUTION_COMPARISON,"Two correct solutions can differ in work done, and one may be preferable on a stated ground.",PS_FAM14_SOLUTION_COMPARISON,Comparing two correct solutions,"Given two working approaches and a stated priority, choose the better and say why.",D4,D5,EVALUATE,mcq_single,A preference on a ground the question did not state; an incorrect solution offered as more efficient; a claim that they are equivalent when the priority distinguishes them. Both options must genuinely work.,PS_RG_EVALUATION,"Efficiency AWARENESS only — more or less work, not complexity notation, which is not taught at Foundation."
PROBLEM_SOLVING,Problem Solving,PS_C11_TESTING,Testing,PS_F15_TEST_SELECTION,A useful test can distinguish a correct solution from an incorrect one; a test both pass tells you nothing.,PS_FAM15_TEST_SELECTION,Choosing a test that would catch the fault,Select the input whose result would reveal whether a described solution is wrong.,D3,D5,EVALUATE,mcq_single,"Tests that pass under both the correct and the faulty version — the key distractor, since choosing one shows testing is understood as ""running it"" rather than as discrimination. Also a test outside the stated input domain.",PS_RG_ROBUSTNESS,Pairs closely with PS_FAM08 on counterexamples; the two share the discrimination idea and should not appear together.
PSEUDOCODE_FLOWCHARTS,Pseudocode & Flowcharts,PF_C01_SYMBOLS,Flowchart symbols,PF_F01_SYMBOL_MEANINGS,"Each flowchart shape means one kind of step: terminator, process, decision, input/output.",PF_FAM01_SYMBOL_RECOGNITION,Matching a step to its symbol,"Given a described step, name the symbol that represents it, or the reverse.",D1,D2,REMEMBER,mcq_single,"Process and input/output swapped (both are ""doing something"" to a beginner); decision used for any step involving a value; terminator used for any first step including an input. Reading a value is the most productive stem.",PF_RG_NOTATION,The only pure-recall family in this skill. Everything else requires reading a diagram or a trace.
PSEUDOCODE_FLOWCHARTS,Pseudocode & Flowcharts,PF_C01_SYMBOLS,Flowchart symbols,PF_F02_ARROWS_ARE_CONTROL_FLOW,"Arrows show the order steps happen in, and a decision has one arrow out for each outcome.",PF_FAM02_CONTROL_FLOW_READING,Reading the order from the arrows,"Say which step follows another, including which branch is taken for a given outcome.",D2,D3,UNDERSTAND,mcq_single,Reading top-to-bottom while ignoring an arrow that loops back; taking both branches of a decision; treating position on the page as order. The loop-back case separates reading from assuming.,PF_RG_NOTATION,
PSEUDOCODE_FLOWCHARTS,Pseudocode & Flowcharts,PF_C02_SEQUENCE_ASSIGNMENT,Sequence and assignment,PF_F03_ASSIGNMENT_REPLACES_VALUE,"Assignment stores a value in a variable, replacing what was there; the order of assignments changes the result.",PF_FAM03_ASSIGNMENT_EFFECT,What a variable holds after a sequence of assignments,"Say what a variable holds after a short sequence, where order matters.",D2,D3,APPLY,mcq_single,The first value assigned rather than the last (assignment read as declaration); both values as though the variable accumulated; the value a swap would give if a temporary had been used. The swap-without-temporary case is especially productive.,PF_RG_STATE,
PSEUDOCODE_FLOWCHARTS,Pseudocode & Flowcharts,PF_C03_IO_STEPS,Input and output steps,PF_F04_INPUT_OUTPUT_STEPS,An input step brings a value in from outside; an output step reports one; neither changes anything else.,PF_FAM04_IO_STEP_EFFECT,What an input or output step does,"Distinguish reading a value from reporting one, and say what each leaves changed.",D1,D2,UNDERSTAND,mcq_single,Output believed to change the variable; input believed to display it; both treated as processing steps.,PF_RG_NOTATION,
PSEUDOCODE_FLOWCHARTS,Pseudocode & Flowcharts,PF_C04_CONDITIONS,Conditions and branching,PF_F05_CONDITION_SELECTS_BRANCH,"A condition is evaluated to true or false, and exactly one branch runs.",PF_FAM05_BRANCH_SELECTION,Deciding which branch runs for a given input,"For given input, say which branch executes and therefore what the result is.",D2,D3,APPLY,mcq_single,"Both branches running; the else branch running when the condition is true; a boundary value sent the wrong way. Every variant should include a value on the boundary, since that is where the misconception lives.",PF_RG_CONTROL_FLOW,
PSEUDOCODE_FLOWCHARTS,Pseudocode & Flowcharts,PF_C04_CONDITIONS,Conditions and branching,PF_F06_CONDITION_CHOICE,"The condition written decides which inputs take which path, so a stated rule determines the condition needed.",PF_FAM06_CONDITION_SELECTION,Choosing the condition that implements a stated rule,"Given a rule in words, choose the condition that implements it exactly, including its boundary.",D3,D4,APPLY,mcq_single,Strict where inclusive was meant and the reverse — the single most valuable distractor in this skill; a condition with the comparison reversed; one correct for typical values but wrong at the boundary.,PF_RG_CONTROL_FLOW,The boundary must be the discriminator. A rule whose boundary never arises does not measure this.
PSEUDOCODE_FLOWCHARTS,Pseudocode & Flowcharts,PF_C05_ITERATION,Iteration,PF_F07_LOOP_REPEATS_WHILE_CONDITION,A loop repeats while its condition holds; the condition is checked each time round.,PF_FAM07_ITERATION_COUNT,How many times a loop body runs,Say how many times a loop body executes for given starting values.,D2,D4,APPLY,mcq_single,"One iteration too many or too few (the off-by-one, which is the point); zero when the condition is false at entry misread as one; the count of the range rather than of the executions.",PF_RG_ITERATION,Include a loop whose body never runs. Students often believe a loop always executes at least once.
PSEUDOCODE_FLOWCHARTS,Pseudocode & Flowcharts,PF_C05_ITERATION,Iteration,PF_F08_COUNTER_AND_ACCUMULATOR,A counter records how many times something happened; an accumulator builds up a running result. They are different jobs.,PF_FAM08_COUNTER_ACCUMULATOR_ROLE,Telling a counter from an accumulator,"Identify which variable counts and which accumulates, and what each holds at the end.",D2,D4,ANALYZE,mcq_single,"The two swapped; the accumulator reported as the count; either initialised wrongly so the first iteration is lost. Averaging is the ideal stem, since it needs both.",PF_RG_ITERATION,
PSEUDOCODE_FLOWCHARTS,Pseudocode & Flowcharts,PF_C06_TRACING,Tracing,PF_F09_TRACE_TO_OUTPUT,Following pseudocode step by step over given input produces exactly one output.,PF_FAM09_OUTPUT_PREDICTION,Predicting the output of a short algorithm,Trace a short pseudocode fragment over stated input and give the printed result.,D2,D4,APPLY,mcq_single,The result of one extra or one missing iteration; an intermediate value printed instead of the final; the answer that follows from misreading the condition. Every distractor should be reachable by one specific slip.,PF_RG_TRACING,The single most valuable family in this skill: it cannot be answered without actually tracing.
PSEUDOCODE_FLOWCHARTS,Pseudocode & Flowcharts,PF_C06_TRACING,Tracing,PF_F10_STATE_TABLE,"The values of every variable at each step can be written out as a table, and the table determines the result.",PF_FAM10_STATE_TABLE_TRACE,Completing a trace table,Give the value of a named variable after a stated iteration.,D3,D4,APPLY,mcq_single,The value from the adjacent iteration; the value before rather than after the update; another variable's value at the same step. Asking about a middle iteration rather than the last is what makes this distinct from output prediction.,PF_RG_TRACING,Do not serve alongside PF_FAM09 — same reassessment group for that reason.
PSEUDOCODE_FLOWCHARTS,Pseudocode & Flowcharts,PF_C07_TRANSLATION,Translating between forms,PF_F11_PSEUDOCODE_FLOWCHART_EQUIVALENCE,"The same algorithm can be written as pseudocode or drawn as a flowchart, with the same behaviour.",PF_FAM11_FORM_TRANSLATION,Matching pseudocode to the flowchart that means the same,"Given one form, choose the other that behaves identically.",D3,D4,ANALYZE,mcq_single,A version with the branches swapped; one with the loop condition checked at the end rather than the start; one differing only at the boundary. Every option must be a well-formed algorithm — the difference must be behavioural.,PF_RG_TRANSLATION,
PSEUDOCODE_FLOWCHARTS,Pseudocode & Flowcharts,PF_C08_COMPLETION,Completing an algorithm,PF_F12_MISSING_STEP,"An algorithm with a step missing produces a predictably wrong result, and the missing step can be recovered from it.",PF_FAM12_MISSING_STEP_SELECTION,Supplying the step that makes it correct,"Given an algorithm with a gap and its intended behaviour, choose the step that completes it.",D3,D5,APPLY,mcq_single,A step that fixes typical input but not the boundary; one that belongs at a different position; a plausible step that leaves the counter or accumulator wrong. The gap must have exactly one correct filling.,PF_RG_COMPLETION,"This is where a blank belongs — a gap in an algorithm, with the intended behaviour stated. It is not the ""____"" of a fill-in-the-sentence stem."
PSEUDOCODE_FLOWCHARTS,Pseudocode & Flowcharts,PF_C09_LOGIC_ERRORS,Logic errors,PF_F13_LOGIC_ERROR_FROM_SYMPTOM,"An algorithm can run without failing and still be wrong, and the way it is wrong identifies the faulty step.",PF_FAM13_LOGIC_ERROR_DIAGNOSIS,Finding the logic error behind a wrong result,"Given an algorithm and a wrong output, identify the step that caused it.",D3,D5,ANALYZE,mcq_single,Steps that are correct; a step whose fault would give a different wrong answer; a syntax-style complaint where the error is logical. The observed output must implicate exactly one step.,PF_RG_DIAGNOSIS,"Classic sources: accumulator initialised inside the loop, condition off by one, update placed after the output."
PSEUDOCODE_FLOWCHARTS,Pseudocode & Flowcharts,PF_C10_EDGE_CASES,Edge cases in an algorithm,PF_F14_ALGORITHM_EDGE_BEHAVIOUR,"Empty, single-item and boundary inputs are where an otherwise-correct algorithm misbehaves.",PF_FAM14_EDGE_CASE_TRACE,Tracing an algorithm on an extreme input,"Say what a given algorithm does on empty, single-item or boundary input.",D4,D5,ANALYZE,mcq_single,The answer for typical input; the answer assuming the loop runs at least once; a plausible crash where the algorithm actually returns a wrong value quietly. The quiet-wrong-answer option is the most instructive.,PF_RG_ROBUSTNESS,The hardest family in the skill and the most diagnostic. Empty input on a loop with an accumulator is the canonical stem.
